{"type": "metrics", "dataset": "train", "precision": 0.7368204283360791, "balanced_accuracy": 0.6696239760659283, "recall": 0.37862433862433864, "f1_score": 0.5002097022228436}
{"type": "metrics", "dataset": "test", "precision": 0.6380772855796418, "balanced_accuracy": 0.6504515790877595, "recall": 0.3551941238195173, "f1_score": 0.4563532187394675}
{"type": "cm_matrix", "dataset": "train", "true_0": {"predicted_0": 15589, "predicted_1": 639}, "true_1": {"predicted_0": 2936, "predicted_1": 1789}}
{"type": "cm_matrix", "dataset": "test", "true_0": {"predicted_0": 6689, "predicted_1": 384}, "true_1": {"predicted_0": 1229, "predicted_1": 677}}
